{
    "precision": 0.05864696374971138,
    "recall": 0.8300653594771242,
    "roc_auc": 0.8139115923830385
}