{
    "precision": 0.06718045659444526,
    "recall": 0.7843803056027164,
    "roc_auc": 0.7964981572167644
}