{
    "precision": 0.06113843991567112,
    "recall": 0.7945205479452054,
    "roc_auc": 0.7977370320178948
}